Target_RNA_sequence	Target_RNA_name	Target_RNA_ID
GGCAGAUCUGAGCCUGGGAGCUCUCUGCC	1arj	1arj
GGCGUCACACCUUCGGGUGAAGUCGCC	1byj	1byj
CCAGATCTGGCCAGATCTGG	1cvx	1cvx
CCAGATCTGGCCAGATCTGG	1cvy	1cvy
CGACCAACGTGTCGCCTGGTCG	1db6	1db6
GGACCCGACGGCGAGAGCCAGGAACGAAGGACC	1f1t	1f1t
ACCGUCAGAGGACACGGUUAAAAAGUCCUC	1f27	1f27
GGCGUCGCACCUUCGGGUGAAGUCGCC	1fyp	1fyp
GCGGAUUUAGCUCAGUUGGGAGAGCGCCAGACUGAAAUCUGGAGGUCCUGUGUCGAUCCACAGAAUUCGCACCA	1i9v	1i9v
TTAGGGTTTAGGGTTTAGGGTTTAGGGT	1nzm	1nzm
CACGCAGTTCGGACGTCCGATGCGTG	1p96	1p96
GGAUCCCGACUGGCGAGAGCCAGGUAACGAAUGGAUCC	1q8n	1q8n
GCCAGAUUUGAGCCUGGGAGCUCUCUGGC	1qd3	1qd3
GCACCTTCCTGCGCAGGAAGGTGC	1qms	1qms
CGCGAATTCGCGCGCGAATTCGCG	1qv4	1qv4
CGCGAATTCGCGCGCGAATTCGCG	1qv8	1qv8
CACGCAGTTCGGACGTCCGATGCGTG	1r4e	1r4e
GGCAGAUCUGAGCCUGGGAGCUCUCUGCC	1uts	1uts
GGCAGAUCUGAGCCUGGGAGCUCUCUGCC	1uud	1uud
GGAGCUCGCCCGGGCGAGGCCGUGCCAGCUCUUCGGAGCAAUACUCGGCGGAGCUCGCCCGGGCGAGGCCGUGCCAGCUCUUCGGAGCAAUACUCGGC	1ykv	1ykv
UUGCGUCACACCGGUGAAGUCGCUUGCGUCACACCGGUGAAGUCGC	1yrj	1yrj
GGGACGAAGUGGUUGGGCGCUUCGGCGUGUGAAAACGUCCC	2au4	2au4
GACAUAUAAUCGCGUGGAUAUGGCACGCAAGUUUCUACCGGGCACCGUAAAUGUCCGAUUAUGUC	2b57	2b57
CGCGUCACACCGGUGAAGUCGCCGCGUCACACCGGUGAAGUCGC	2be0	2be0
CGCGUCACACCGGUGAAGUCGCCGCGUCACACCGGUGAAGUCGC	2bee	2bee
GCGUCACACCGGUGAAGUCGCGCGUCACACCGGUGAAGUCGC	2f4s	2f4s
GCGUCACACCGGUGAAGUCGCUUGCGUCACACCGGUGAAGUCGC	2f4t	2f4t
GCGUCACACCGGUGAAGUCGCGCGUCACACCGGUGAAGUCGC	2f4u	2f4u
UUGCGUCGCUCCGGAAAAGUCGCUUGCGUCGCUCCGGAAAAGUCGC	2g5k	2g5k
GGACAUAUAAUCGCGUGGAUAUGGCACGCAAGUUUCUACCGGGCACCGUAAAUGUCCGAUUAUGUCC	2g9c	2g9c
GGCAGAUCUGAGCCUGGGAGCUCUCUGCC	2kdq	2kdq
GGCAGUGUGAGUACCUUCACACGUC	2kgp	2kgp
GGAGGAACUACUGUCUUCCUUCGGGUCGUGCAGCCUCC	2ktz	2ktz
GGAGGAACUACUGUCUUCCUUCGGGUCGUGCAGCCUCC	2ku0	2ku0
GGGAAAUGAGGCGCUGCAUGUGGCAGUCUGCCUUUCUUUCCC	2kx8	2kx8
GGGAAGAUCUGGCCUUCCCACAAGGGAAGGCCAGGGAAUCUUCCC	2l94	2l94
GAGUAGAAACAAGGCUUCGGCCUGCUUUUGCU	2lwk	2lwk
TTGGGTTAGGGTTAGGGTTAGGGA	2mb3	2mb3
GGCUGCUUGUCCUUUAAUGGUCCAGUC	2mxs	2mxs
GGCUGCUUGUCCUUUAAUGGUCCAGUC	2n0j	2n0j
UUGCGUCGCUCCGGAAAAGUCGCUUGCGUCGCUCCGGAAAAGUCGC	2o3w	2o3w
UUGCGUCACACCGGUGAAGUCGCUUGCGUCACACCGGUGAAGUCGC	2o3x	2o3x
GGAGGAGGAGGAGGAGGAGGAGGA	2rsk	2rsk
GGACAUAUAAUCGCGUGGAUAUGGCACGCAAGUUUCUACCGGGCACCGUAAAUGUCCGAUUAUGUCC	2xnw	2xnw
GGACAUAUAAUCGCGUGGAUAUGGCACGCAAGUUUCUACCGGGCACCGUAAAUGUCCGAUUAUGUCC	2xnz	2xnz
GGACAUAUAAUCGCGUGGAUAUGGCACGCAAGUUUCUACCGGGCACCGUAAAUGUCCGAUUAUGUCC	2xo0	2xo0
GAACAUAUAAUCGCGUGGAUAUGGCACGCAAGUUUCUACCGGGCACCGUAAAUGUCCGAUUAUGUCC	2xo1	2xo1
GGCUUAUCAAGAGAGGUUUAGGGACUGGCCCGACGAAACCCGGCAACCAGAAAUGGUGCCAAUUCCUGCAGCGGAAACGUUGAAAGAUGAGCCG	2ydh	2ydh
GGCUUAUCAAGAGAGGUGAAGGGACUGGCCCGACGAAACCCGGCAACCAGAAAUGGUGCCAAUUCCUGCAGCGGAAACGUUGAAAGAUGAGCCGA	2ygh	2ygh
GGACAUACAAUCGCGUGGAUAUGGCACGCAAGAUCCCGCCGGGCACCGUAAAUGUCCGACUAUGUCCGGACAUACAAUCGCGUGGAUAUGGCACGCAAGAUCCCGCCGGGCACCGUAAAUGUCCGACUAUGUCC	3ds7	3ds7
UUCCCGAAAGGAUGGCGGAAACGCCAGAUGCCUUGUAACCGAAAGGGGGAAU	3e5c	3e5c
GGACAUAUAAUCGCGUGGAUAUGGCACGCAAGUUUCUACCGGGCACCGUAAAUGUCCGAUUAUGUCCA	3fo4	3fo4
GGACAUAUAAUCGCGUGGAUAUGGCACGCAAGUUUCUACCGGGCACCGUAAAUGUCCGACUAUGUCCA	3fo6	3fo6
AGAGGUUCUAGCUACACCCUCUAUAAAAAACUAAAGAGGUUCUAGCUACACCCUCUAUAAAAAACUAAAGAGGUUCUAGCUACACCCUCUAUAAAAAACUAA	3fu2	3fu2
GGACAUAUAAUCGCGUGGAUAUGGCACGCAAGUUUCUACCGGGCACCGUAAAUGUCCGACUAUGUCC	3g4m	3g4m
GGACAUAUAAUCGCGUGGAUAUGGCACGCAAGUUUCUACCGGGCACCGUAAAUGUCCGACUAUGUCC	3gao	3gao
GGACAUAUAAUCGCGUGGAUAUGGCACGCAAGUUUCUACCGGGCACCGUAAAUGUCCGACUAUGUCC	3ger	3ger
GGACAUAUAAUCGCGUGGAUAUGGCACGCAAGUUUCUACCGGGCACCGUAAAUGUCCGAUUAUGUCC	3ges	3ges
GGACAUGUAAUCGCGUGGAUAUGGCACGCAAGUUUCUACCGGGCACCGUAAAUGUCCGACCAUGUCC	3gog	3gog
GGACAUAUAAUCGCGUGGAUAUGGCACGCAAGUUUCUACCGGGCACCGUAAAUGUCCGAUUAUGUCC	3got	3got
GGUCAAGAUAGUAAGGGUCCACGGUGGAUGCCCUGGCGCUGGAGCCGAUGAAGGACGCGAUUACCUGCGAAAAGCCCCGACGAGCUGGAGAUACGCUUUGACUCGGGGAUGUCCGAAUGGGGAAACCCACCUCGUAAGAGGUAUCCGCAAGGAUGGGAACUCAGGGAACUGAAACAUCUCAGUACCUGAAGGAGAAGAAAGAGAAUUCGAUUCCGUUAGUAGCGGCGAGCGAACCCGGAUCAGCCCAAACCGAAACGCUUGCGUUUCGGGGUUGUAGGACCAGUUUUUAAGAUUCAACCCCUCAAGCCGAAGUGGCUGGAAAGCUACACCUCAGAAGGUGAGAGUCCUGUAGGCGAACGAGCGGUUGACUGUACUGGCACCUGAGUAGGUCGUUGUUCGUGAAACGAUGACUGAAUCCGCGCGGACCACCGCGCAAGGCUAAAUACUCCCAGUGACCGAUAGCGCAUAGUACCGUGAGGGAAAGGUGAAAAGAACCCCGGGAGGGGAGUGAAAGAGAACCUGAAACCGUGGACUUACAAGCAGUCAUGGCACCUUAUGCGUGUUAUGGCGUGCCUAUUGAAGCAUGAGCCGGCGACUUAGACCUGACGUGCGAGCUUAAGUUGAAAAACGGAGGCGGAGCGAAAGCGAGUCCGAAUAGGGCGGCAUUAGUACGUCGGGCUAGACUCGAAACCAGGUGAGCUAAGCAUGACCAGGUUGAAACCCCCGUGACAGGGGGCGGAGGACCGAACCGGUGCCUGCUGAAACAGUCUCGGAUGAGUUGUGUUUAGGAGUGAAAAGCUAACCGAACCUGGAGAUAGCUAGUUCUCCCCGAAAUGUAUUGAGGUACAGCCUCGGAUGUUGACCAUGUCCUGUAGAGCACUCACAAGGCUAGGGGGCCUACCAGCUUACCAAACCUUAUGAAACUCCGAAGGGGCACGCGUUUAGUCCGGGAGUGAGGCUGCGAGAGCUAACUUCCGUAGCCGAGAGGGAAACAACCCAGACCAUCAGCUAAGGUCCCUAAAUGAUCGCUCAGUGGUUAAGGAUGUGUCGUCGCAUAGACAGCCAGGAGGUUGGCUUAGAAGCAGCCACCCUUCAAAGAGUGCGUAAUAGCUCACUGGUCGAGUGACGAUGCGCCGAAAAUGAUCGGGGCUCAAGUGAUCUACCGAAGCUAUGGAUUCAACUCGCGAAGCGAGUUGUCUGGUAGGGGAGCGUUCAGUCCGCGGAGAAGCCAUACCGGAAGGAGUGGUGGAGCCGACUGAAGUGCGGAUGCCGGCAUGAGUAACGAUAAAAGAAGUGAGAAUCUUCUUCGCCGUAAGGACAAGGGUUCCUGGGGAAGGGUCGUCCGCCCAGGGAAAGUCGGGACCUAAGGUGAGGCCGAACGGCGCAGCCGAUGGACAGCAGGUCAAGAUUCCUGCACCGAUCAUGUGGAGUGAUGGAGGGACGCAUUACGCUAUCCAAUGCCAAGCUAUGGCUAUGCUGGUUGGUACGCUCAAGGGCGAUCGGGUCAGAAAAUCUACCGGUCACAUGCCUCAGACGUAUCGGGAGCUUCCUCGGAAGCGAAGUUGGAAACGCGACGGUGCCAAGAAAAGCUUCUAAACGUUGAAACAUGAUUGCCCGUACCGCAAACCGACACAGGUGUCCGAGUGUCAAUGCACUAAGGCGCGCGAGAGAACCCUCGUUAAGGAACUUUGCAAUCUCACCCCGUAACUUCGGAAGAAGGGGUCCCCACGCUUCGCGUGGGGCGCAGUGAAUAGGCCCAGGCGACUGUUUACCAAAAUCACAGCACUCUGCCAACACGAACAGUGGACGUAUAGGGUGUGACGCCUGCCCGGUGCCGGAAGGUCAAGUGGAGCGGUGCAAGCUGCGAAAUGAAGCCCCGGUGAACGGCGGCCGUAACUAUAACGGUCCUAAGGUAGCGAAAUUCCUUGUCGGGUAAGUUCCGACCUGCACGAAAGGCGUAACGAUCUGGGCGCUGUCUCAACGAGGGACUCGGUGAAAUUGAAUUGGCUGUAAAGAUGCGGCCUACCCGUAGCAGGACGAAAAGACCCCGUGGAGCUUUACUAUAGUCUGGCAUUGGGAUUCGGGUUUCUCUGCGUAGGAUAGGUGGGAGCCUGCGAAACUGGCCUUUUGGGGUCGGUGGAGGCAACGGUGAAAUACCACCCUGAGAAACUUGGAUUUCUAACCUGAAAAAUCACUUUCGGGGACCGUGCUUGGCGGGUAGUUUGACUGGGGCGGUCGCCUCCCAAAAUGUAACGGAGGCGCCCAAAGGUCACCUCAAGACGGUUGGAAAUCGUCUGUAGAGCGCAAAGGUAGAAGGUGGCUUGACUGCGAGACUGACACGUCGAGCAGGGAGGAAACUCGGGCUUAGUGAACCGGUGGUACCGUGUGGAAGGGCCAUCGAUCAACGGAUAAAAGUUACCCCGGGGAUAACAGGCUGAUCUCCCCCGAGAGUCCAUAUCGGCGGGGAGGUUUGGCACCUCGAUGUCGGCUCGUCGCAUCCUGGGGCUGAAGAAGGUCCCAAGGGUUGGGCUGUUCGCCCAUUAAAGCGGCACGCGAGCUGGGUUCAGAACGUCGUGAGACAGUUCGGUCUCUAUCCGCUACGGGCGCAGGAGAAUUGAGGGGAGUUGCUCCUAGUACGAGAGGACCGGAGUGAACGGACCGCUGGUCUCCCUGCUGUCGUACCAACGGCACAUGCAGGGUAGCUAUGUCCGGAACGGAUAACCGCUGAAAGCAUCUAAGCGGGAAGCCAGCCCCAAGAUGAGUUCUCCCACUGUUUAUCAGGUAAGACUCCCGGAAGACCACCGGGUUAAGAGGCCAGGCGUGCACGCAUAGCAAUGUGUUCAGCGGACUGGUGCUCAUCAGUCGAGGUCUUGACCACUCCCCCCGUGCCCAUAGCACUGUGGAACCACCCCACCCCAUGCCGAACUGGGUCGUGAAACACAGCAGCGCCAAUGAUACUCGGACCGCAGGGUCCCGGAAAAGUCGGUCAGCGCGGGGG	3jq4	3jq4
GGCUUCAUAUAAUCCGAAUGAUAUGGUUUCGGAGCUUCCACCAAGAGCCUUAAACUCUUGACUAUGGAGUC	3la5	3la5
GUCACGCACAGAGCAAACCAUUCGAAAGAGUGGGACGCAAAGCCUCCGGCCUAAACCAUUGCACUCCGGUAGGUAGCGGGGUUACCGAUGG	3mum	3mum
GUCACGCACAGGGCAAACCAUUCGAAAGAGUGGGACGCAAAGCCUCCGGCCUAAACCAUUGCACUCCGGUAGGUAGCGGGGUUAUCGAUGG	3mur	3mur
GUCACGCACAGGGCAAACCAUUCGAAAGAGUGGGACGCAAAGCCUCCGGCCUAAACCAUUGCACUCCGGUAGGUAGCGGGGUUACCGAUGG	3mxh	3mxh
GGACGAGGAGCGUUGCAAGCGAAAGCCCAGGCUAGUCCGUUCAAACGGCGCUCA	3npn	3npn
GCUCUGGAGAGAACCGUUUAAUCGGUCGCCGAAGGAGCAAGCUCUGCGGAAACGCAGAGUGAAACUCUCAGGCAAAAGGACAGAGUGGCUCUGGAGAGAACCGUUUAAUCGGUCGCCGAAGGAGCAAGCUCUGCGGAAACGCAGAGUGAAACUCUCAGGCAAAAGGACAGAGU	3owz	3owz
CGCGGAAACAAUGAUGAAUGGGUUUAAAUUGGGCACUUGACUCAUUUUGAGUUAGUAGUGCAACCGACCGUGCUCGCGGAAACAAUGAUGAAUGGGUUUAAAUUGGGCACUUGACUCAUUUUGAGUUAGUAGUGCAACCGACCGUGCU	3q3z	3q3z
CUGGGUCGCAGUAACCCCAGUUAACAAAACAAG	3q50	3q50
GCGUCACACCGGUGAAGUCGCGCGUCACACCGGUGAAGUCGC	3s4p	3s4p
GGAGAGUAGAUGAUUCGCGUUAAGCGUGUGUGAAUGGGAUGUCGUCACACAACGAAGCGAGAGCGCGGUGAAUCAUUGCAUCCGCUCCA	3sd3	3sd3
GCCUUAUACAGGGUAGCAUAAUGGGCUACUGACCCCGCCUUCAAACCUAUUUGGAGACUAUAAGGUGCCUUAUACAGGGUAGCAUAAUGGGCUACUGACCCCGCCUUCAAACCUAUUUGGAGACUAUAAGGU	3slm	3slm
CCAGTACTGGCCAGTACTGG	407d	407d
CCAGTACTGGCCAGTACTGG	408d	408d
GGCUUAUCAAGAGAGGGCAAGAGACUGGCUUGAUGACCCCCGGCAACCAAAAAUGGUGCCAAUUCCUGCAGAGGAAACGUUGAAAGAUGAGCCA	4aob	4aob
GGACGGAGGCGCGCCCGAGAUGAGUAGGCUGUCCCAUCAGGGGAGGAAUCGGGGACGGCUGAAAGGCGAGGGCGCCGAAGCGAGCAGAGUUCCUCCCGCUCUGCUUGGCUGGGGGUGAGGGGAAUACCCUUACCACUGUCGCGAAAGCGGAGAGCCGUCCA	4erj	4erj
GGACGGAGGCGCGCCCGAGAUGAGUAGGCUGUCCCAUCAGGGGAGGAAUCGGGGACGGCUGAAAGGCGAGGGCGCCGAAGCGAGCAGAGUUCCUCCCGCUCUGCUUGGCUGGGGGUGAGGGGAAUACCCUUACCACUGUCGCGAAAGCGGAGAGCCGUCCA	4erl	4erl
GGACAUAUAAUCGCGUGGAUAUGGCACGCAAGUUUCUACCGGGCACCGUAAAUGUCCGACUAUGUCC	4fe5	4fe5
GAACCGCGAAAGCGGUUCCACGACGAUACUUAUUUCCUUUGAUCGUCGUUAUUACUGGCUUCGGCCACAAAGGAGA	4jf2	4jf2
GUUCUUAUCAAGAGAAGCAGAGGGACUGGCCCGACGAAGCUUCAGCAACCGGUGUAAUGGCGAAAGCCAUGACCAAGGUGCUAAAUCCAGCAAGCUCGAACAGCUUGGAAGAUAAGAAC	4kqy	4kqy
GGAUCACGAGGGGGAGACCCCGGCAACCUGGGACGGACACCCAAGGUGCUCACACCGGAGACGGUGGAUCCGGCCCGAGAGGGCAACGAAGUCCGU	4l81	4l81
GGAGAGUAGAUGAUUCGCGUUAAGUGUGUGUGAAUGGGAUGUCGUCACACAACGAAGCGAGAGCGCGGUGAAUCAUUGCAUCCGCUCCA	4lvv	4lvv
GGAGAGUAGAUGAUUCGCGUUAAGUGUGUGUGAAUGGGAUGUCGUCACACAACGAAGCGAGAGCGCGGUGAAUCAUUGCAUCCGCUCCA	4lvw	4lvw
GGAGAGUAGAUGAUUCGCGUUAAGUGUGUGUGAAUGGGAUGUCGUCACACAACGAAGCGAGAGCGCGGUGAAUCAUUGCAUCCGCUCCA	4lvx	4lvx
GGAGAGUAGAUGAUUCGCGUUAAGUGUGUGUGAAUGGGAUGUCGUCACACAACGAAGCGAGAGCGCGGUGAAUCAUUGCAUCCGCUCCA	4lvy	4lvy
GGAGAGUAGAUGAUUCGCGUUAAGUGUGUGUGAAUGGGAUGUCGUCACACAACGAAGCGAGAGCGCGGUGAAUCAUUGCAUCCGCUCCA	4lvz	4lvz
GGAGAGUAGAUGAUUCGCGUUAAGUGUGUGUGAAUGGGAUGUCGUCACACAACGAAGCGAGAGCGCGGUGAAUCAUUGCAUCCGCUCCA	4lw0	4lw0
GGCUUCAUAUAAUCCGAAUGAUAUGGUUUCGGAGCUUCCACCAAGAGCCUUAAACUCUUGAUUAUGAAGUC	4lx5	4lx5
GGCUUCAUAUAAUCCGAAUGAUAUGGUUUCGGAGCUUCCACCAAGAGCCUUAAACUCUUGACUAUGAAGUC	4lx6	4lx6
GACUCGGGGUGCCCUUCUGCGUGAAGGCUGAGAAAUACCCGUAUCACCUGAUCUGGAUAAUGCCAGCGUAGGGAAGUUGACUCGGGGUGCCCUUCUGCGUGAAGGCUGAGAAAUACCCGUAUCACCUGAUCUGGAUAAUGCCAGCGUAGGGAAGUU	4nya	4nya
GCGACUCGGGGUGCCCUUCUGCGUGAAGGCUGAGAAAUACCCGUAUCACCUGAUCUGGAUAAUGCCAGCGUAGGGAAGUCGC	4nyb	4nyb
GCGACUCGGGGUGCCCUUCUGCGUGAAGGCUGAGAAAUACCCGUAUCACCUGAUCUGGAUAAUGCCAGCGUAGGGAAGUCGC	4nyc	4nyc
GCGACUCGGGGUGCCCUUCUGCGUGAAGGCUGAGAAAUACCCGUAUCACCUGAUCUGGAUAAUGCCAGCGUAGGGAAGUCGC	4nyd	4nyd
GCGACUCGGGGUGCCCUUCUGCGUGAAGGCUGAGAAAUACCCGUAUCACCUGAUCUGGAUAAUGCCAGCGUAGGGAAGUCGC	4nyg	4nyg
GGAUCACGAGGGGGAGACCCCGGCAACCUGGGACGGACACCCAAGGUGCUCACACCGGAGACGGUGGAUCCGGCCCGAGAGGGCAACGAAGGUCCGA	4oqu	4oqu
GUUGCCGAAUCCGAAAGGUACGGAGGAACCGCUUUUUGGGGUUAAUCUGCAGUGAAGCUGCAGUAGGGAUACCUUCUGUCCCGCACCCGACAGCUAACUCCGGAGGCAAUAAAGGAAGGA	4qk8	4qk8
GCGCUGAAUUCCCUGAAGGGAAACGGGGGACCCAAUCUUCAGGGGUGAAUCCCACGUAAGUGGGUAGGGCUAGUCUCUUUCGGCCCGAACCCGUCAGCUAACCUCGUAAGCGUGGAAAGAGG	4qk9	4qk9
GGAUCGCUGAACCCGAAAGGGGCGGGGGACCCAGAAAUGGGGCGAAUCUCUUCCGAAAGGAAGAGUAGGGUUACUCCUUCGACCCGAGCCCGUCAGCUAACCUCGCAAGCGUCCGAAGGAGAAUC	4qlm	4qlm
GGAUCGCUGAACCCGAAAGGGGCGGGGGACCCAGAAAUGGGGCGAAUCUCUUCCGAAAGGAAGAGUAGGGUUACUCCUUCGACCCGAGCCCGUCAGCUAACCUCGCAAGCGUCCGAAGGAGAAUC	4qln	4qln
AGCAACUUAGGAUUUUAGGCUCCCCGGCGUGUCUCGAACCAUGCCGGGCCAAACCCAUAGGGCUGGCGGUCCCUGUGCGGUCAAAAUUCAUCCGCCGGAG	4rzd	4rzd
GACGCGACCGAAUGAAAUGGUGAAGGACGGGUCCAGCCGGCUGGCAGCCGGCUUGUUGAGUAGAGUGUGAGCUCCGUAACUGGUCGCGU	4ts0	4ts0
GACGCGACCGAAUGAAAUGGUGAAGGACGGGUCCAGCCGGCUGGCAGCCGGCUUGUUGAGUAGAGUGUGAGCUCCGUAACUGGUCGCGU	4ts2	4ts2
GCGCGCUUAAUCUGAAAUCAGAGCGGGGGACCCAUUGCACUCCGGGUUUUUCCCGUAGGGGUGAAUCCUUUUUAGGUAGGGCGAAAGCCCGAAUCCGUCAGCUAACCUCGUAAGCGCGC	4w90	4w90
GGGUCGUGACUGGCGAACAGGUGGGAAACCACCGGGGAGCGACCCUUGCCGCCCGCCUGGGCAA	4xwf	4xwf
GUACACGACAAUACUAAACCAUCCGCGAGGAUGGGGCGGAAAGCCUAAGGGUCUCCCUGAGACAGCCGGGCUGCCGAAAUAUCGUACACGACAAUACUAAACCAUCCGCGAGGAUGGGGCGGAAAGCCUAAGGGUCUCCCUGAGACAGCCGGGCUGCCGAAAUAUC	4yaz	4yaz
GUACACGACAAUACUAAACCAUCCGCGAGGAUGGGGCGGAAAGCCUAAGGGUCUCCCUGAGACAGCCGGGCUGCCGAAAUAUCGUACACGACAAUACUAAACCAUCCGCGAGGAUGGGGCGGAAAGCCUAAGGGUCUCCCUGAGACAGCCGGGCUGCCGAAAUAUC	4yb0	4yb0
GGGAUACAGGACUGGCGGAUUAGUGGGAAACCACGUGGACUGUAUCCGAAAAAAAGCCGACCGCCUGGGCAUCGGGAUACAGGACUGGCGGAUUAGUGGGAAACCACGUGGACUGUAUCCGAAAAAAAGCCGACCGCCUGGGCAUC	4znp	4znp
UAUCAGUUAUAUGACUGACGGAACGUGGAAUUAACCACAUGAAGUAUAACGAUGACAAUGCCGACCGUCUGGGCGUAUCAGUUAUAUGACUGACGGAACGUGGAAUUAACCACAUGAAGUAUAACGAUGACAAUGCCGACCGUCUGGGCG	5btp	5btp
GGACAUAUAAUCGCGUGGAUAUGGCACGCAAGUUUCUACCGGGCACCGUAAAUGUCCGACUAUGUCC	5c7u	5c7u
GGAAUAUAAUCGCGUGGAUAUGGCACGCAAGUUUCUACCGGGCACCGUAAAUGUCCGACUAUUCC	5c7w	5c7w
TAGGGTTAGGGTTAGGGTTAGGGT	5cdb	5cdb
GGACACUGAUGAUCGCGUGGAUAUGGCACGCAUUGAAUUGUUGGACACCGUAAAUGUCCUAACACGUGUCC	5kpy	5kpy
GGCAGCCAGAGAGCACGUAUACGCAAGGCUGUC	5lwj	5lwj
GACUUAAGUCGGACUUAAGUCG	5uee	5uee
GGUGUUGACUGUUGAAUCUCAUGGCAACACC	5uzz	5uzz
GUGCGAAGGGACGGUGCGGAGAGGAGAGCACGUGCGAAGGGACGGUGCGGAGAGGAGAGCAC	5v3f	5v3f
TGAGGGTGGGTAGGGTGGGTAA	5w77	5w77
AAAGGGTTAGGGTTAGGGTTAGGGAA	5z80	5z80
GCGUACGAAGGAGAGGAGAGGAAGAGGAGAGUACGCGCGUACGAAGGAGAGGAGAGGAAGAGGAGAGUACGCGUACGAAGGAGAGGAGAGGAAGAGGAGAGUAC	6c63	6c63
GCGUACGAAGGAGAGGAGAGGAAGAGGAGAGUACGCGCGUACGAAGGAGAGGAGAGGAAGAGGAGAGUACGCGUACGAAGGAGAGGAGAGGAAGAGGAGAGUAC	6c64	6c64
GCGUACGAAGGAGAGGAGAGGUAGAGGAGAGUACGCGCGUACGAAGGAGAGGAGAGGUAGAGGAGAGUACGCCGUACGAAGGAGAGGAGAGGUAGAGGAGAGUACGG	6c65	6c65
GUGAAAGUGUACCUAGGGUUCCAGCCUAUUUGUAGGUGUUCGGACCGAGCGGUACAGGUAUAUUUUUAUAUACCACACCUUAGGGACAAAAGCCCGAGAGGAUAGGUUUCACUCGUAGUGAAAGUGUACCUAGGGUUCCAGCCUAUUUGUAGGUGUUCGGACCGAGCGGUACAGGUAUAUUUUUAUAUACCACACCUUAGGGACAAAAGCCCGAGAGGAUAGGUUUCACUCGUAGUGAAAGUGUACCUAGGGUUCCAGCCUAUUUGUAGGUGUUCGGACCGAGCGGUACAGGUAUAUUUUUAUAUACCACACCUUAGGGACAAAAGCCCGAGAGGAUAGGUUUCACUCGUAGUGAAAGUGUACCUAGGGUUCCAGCCUAUUUGUAGGUGUUCGGACCGAGCGGUACAGGUAUAUUUUUAUAUACCACACCUUAGGGACAAAAGCCCGAGAGGAUAGGUUUCACUCGUA	6ck4	6ck4
GUGAAAGUGUACCUAGGGUUCCAGCCUAUUUGUAGGUGUUCGGACCGAGCGGUACAGGUAUAUUUUUAUAUACCACACCUUAGGGACAAAAGCCCGGGAGGAUAGGUUUCACUCGUAGUGAAAGUGUACCUAGGGUUCCAGCCUAUUUGUAGGUGUUCGGACCGAGCGGUACAGGUAUAUUUUUAUAUACCACACCUUAGGGACAAAAGCCCGGGAGGAUAGGUUUCACUCGUA	6ck5	6ck5
GGCAGAUCUGAGCCUGGGAGCUCUCUGCC	6d2u	6d2u
GAAAGUGUGUCUAGGGUUCCGCGUGCUUCGGCACGGACUGGUCCAAGUGACACAGACGCAUUCGUGCGUUACACCGGAGGGAUAGAAGCCCAGGCGGGUAGGUUU	6dlt	6dlt
GAAGUGUACCUAGGGAUCCACCUCGAGAGAGGAAGGACCAAGCGGUACAGGCCUACUUCGGUAGGUUACACCGUGGGGAUAAAAGACCCGUGGCAAGUUUGAAGUGUACCUAGGGAUCCACCUCGAGAGAGGAAGGACCAAGCGGUACAGGCCUACUUCGGUAGGUUACACCGUGGGGAUAAAAGACCCGUGGCAAGUUU	6dmc	6dmc
GGCGCGAGGAAGGAGGUCUGAGGAGGUCACUGCGCC	6e81	6e81
GGCGCGAGGAAGGAGGUCUGAGGAGGUCACUGCGCC	6e84	6e84
GCUACGAAGGAAGGAUUGGUAUGUGGUAUAUUCGUAGCGCUACGAAGGAAGGAUUGGUAUGUGGUAUAUUCGUAGC	6e8s	6e8s
GUACGAAGGAAGGUUUGGUAUGUGGUAUAUUCGUACGUACGAAGGAAGGUUUGGUAUGUGGUAUAUUCGUACGUACGAAGGAAGGUUUGGUAUGUGGUAUAUUCGUACGUACGAAGGAAGGUUUGGUAUGUGGUAUAUUCGUAC	6e8t	6e8t
GUACGAAGGAAGGUUUGGUAUGGGGUAGUUGUCGUAC	6e8u	6e8u
AGGGCAUUUGAACUGUAUUGUACGCCUUGCAUAAAGCAAAAGUACUAAAAAA	6fz0	6fz0
GUCACAACGGCUUCCUGACGUGGCAGAUUGAAUUAUUGGAGCA	6hag	6hag
GGUGGGGACGACCCCAC	6hbt	6hbt
AUACACCUGGGAGUAAGUCU	6hmo	6hmo
CGGGGCGAAGCGGGTCCCG	6j2w	6j2w
TGAGGGTGGGTAGGGTGGGTAA	6jj0	6jj0
GGUGUAAUCUCCAAAAUAUGGUUGGGGAGCCUCCACCAGUGAACCGUAAAAUCGCUGUCACCACCCAG	6p2h	6p2h
CGUUCACCCUUCGGGGCGCAUGAAAUGGGAGUAGGGAACGGGAUUCUCAUCGUUCACCCUUCGGGGCGCAUGAAAUGGGAGUAGGGAACGGGAUUCUCAU	6qn3	6qn3
GGGAGCGAGGGAGCGAGGGAGCGAGGGAGCG	6sx3	6sx3
