Entry_ID	SMILES	Target_RNA_sequence	Molecule_name	Molecule_ID	Target_RNA_name	Target_RNA_ID	pKd
0	NC(=[NH2+])NCCC[C@H]([NH3+])C(=O)[O-]	GGCAGAUCUGAGCCUGGGAGCUCUCUGCC	1arj	1arj	1arj	1arj	3.0
1	C[NH2+][C@@H]1[C@@H](O)[C@@H](O[C@@H]2[C@@H](O)[C@H](O[C@H]3O[C@H](C[NH3+])CC[C@H]3[NH3+])[C@@H]([NH3+])C[C@H]2[NH3+])OC[C@]1(C)O	GGCGUCACACCUUCGGGUGAAGUCGCC	1byj	1byj	1byj	1byj	5.698970004
2	Cn1cc(NC(=O)c2c([O-])c(NC(=O)c3cc(NC(=O)c4nccn4C)cn3C)cn2C)cc1C(=O)NCCC(=O)NCCC[NH+](C)C	CCAGATCTGGCCAGATCTGG	1cvx	1cvx	1cvx	1cvx	4.958607315
3	Cn1cc(NC(=O)c2cc(NC(=O)c3cc(NC(=O)c4nccn4C)cn3C)cn2C)cc1C(=O)NCCC(=O)NCCC[NH+](C)C	CCAGATCTGGCCAGATCTGG	1cvy	1cvy	1cvy	1cvy	6.420216403
4	NC(=[NH2+])NCCC[C@H]([NH3+])C(N)=O	CGACCAACGTGTCGCCTGGTCG	1db6	1db6	1db6	1db6	4.0
5	CN(C)c1ccc2c(-c3ccccc3)c3ccc(=[N+](C)C)cc-3oc2c1	GGACCCGACGGCGAGAGCCAGGAACGAAGGACC	1f1t	1f1t	1f1t	1f1t	7.397940009
6	O=C([O-])CCCC[C@@H]1SC[C@@H]2NC(=O)N[C@@H]21	ACCGUCAGAGGACACGGUUAAAAAGUCCUC	1f27	1f27	1f27	1f27	6.0
7	[NH3+]C[C@@H]1O[C@H](O[C@H]2[C@@H](O)[C@H](O[C@@H]3[C@@H](O)[C@H]([NH3+])C[C@H]([NH3+])[C@H]3O[C@H]3O[C@H](CO)[C@@H](O)[C@H](O)[C@H]3[NH3+])O[C@@H]2CO)[C@H]([NH3+])[C@@H](O)[C@@H]1O	GGCGUCGCACCUUCGGGUGAAGUCGCC	1fyp	1fyp	1fyp	1fyp	5.602059991
8	[NH3+]C[C@@H]1O[C@@H](O[C@H]2[C@H](O)[C@H](O[C@H]3[C@H](O)[C@@H]([NH3+])C[C@@H]([NH3+])[C@@H]3O[C@@H]3O[C@H](C[NH3+])[C@@H](O)[C@@H](O)[C@H]3[NH3+])O[C@@H]2CO)[C@@H]([NH3+])[C@H](O)[C@@H]1O	GCGGAUUUAGCUCAGUUGGGAGAGCGCCAGACUGAAAUCUGGAGGUCCUGUGUCGAUCCACAGAAUUCGCACCA	1i9v	1i9v	1i9v	1i9v	3.465973894
9	Cc1cc2c3c([n+](C)c4ccc(F)cc4c3c1)-c1cc(F)ccc1N2C	TTAGGGTTTAGGGTTTAGGGTTTAGGGT	1nzm	1nzm	1nzm	1nzm	6.48148606
10	[NH3+][C@@H]1[C@@H](O[C@@H]2C[C@H]3C(=O)c4cc5ccccc5cc4[C@H]3[C@]23C(=O)CCc2ccccc23)O[C@@H](CO)[C@H](O)[C@H]1O	CACGCAGTTCGGACGTCCGATGCGTG	1p96	1p96	1p96	1p96	5.595166283
11	CN(C)c1ccc(C(=C2C=CC(=[N+](C)C)C=C2)c2ccccc2)cc1	GGAUCCCGACUGGCGAGAGCCAGGUAACGAAUGGAUCC	1q8n	1q8n	1q8n	1q8n	6.096910013
12	[NH3+]C[C@@H]1O[C@H](O[C@H]2[C@@H](O)[C@H](O[C@@H]3[C@@H](O)[C@H]([NH3+])C[C@H]([NH3+])[C@H]3O[C@H]3O[C@H](C[NH3+])[C@@H](O)[C@H](O)[C@H]3[NH3+])O[C@@H]2CO)[C@H]([NH3+])[C@@H](O)[C@@H]1O	GCCAGAUUUGAGCCUGGGAGCUCUCUGGC	1qd3	1qd3	1qd3	1qd3	5.229147988
13	CC[NH2+][C@H]1CO[C@@H](O[C@H]2[C@H](OC)O[C@H](C)[C@@H](NO[C@H]3C[C@H](O)[C@H](SC(=O)c4c(C)c(I)c(O[C@@H]5O[C@@H](C)[C@H](OCCCCCO[C@@H]6O[C@H](C)[C@@H](NO[C@H]7C[C@H](O)[C@H](SC(=O)c8c(C)cc(O[C@@H]9O[C@@H](C)[C@H](O)[C@@H](OC)[C@H]9O)c(OC)c8OC)[C@@H](C)O7)[C@H](O)[C@H]6O[C@H]6C[C@H](OC)[C@@H]([NH2+]CC)CO6)[C@@H](OC)[C@H]5O)c(OC)c4OC)[C@@H](C)O3)[C@@H]2O)C[C@@H]1OC	GCACCTTCCTGCGCAGGAAGGTGC	1qms	1qms	1qms	1qms	9.0
14	Cc1cc(N(C)C)ccc1-c1nc2ccc(-c3nc4ccc(N5CC[NH+](C)CC5)cc4[nH]3)cc2[nH]1	CGCGAATTCGCGCGCGAATTCGCG	1qv4	1qv4	1qv4	1qv4	6.906578315
15	CN(C)c1ccc(-c2nc3ccc(-c4nc5ccc(N6CC[NH+](C)CC6)cc5[nH]4)cc3[nH]2)cc1	CGCGAATTCGCGCGCGAATTCGCG	1qv8	1qv8	1qv8	1qv8	6.943095149
16	[NH3+][C@H]1[C@H](O[C@H]2C[C@@H]3C(=O)c4cc5ccccc5cc4[C@@H]3[C@@]23C(=O)CCc2ccccc23)O[C@H](CO)[C@@H](O)[C@@H]1O	CACGCAGTTCGGACGTCCGATGCGTG	1r4e	1r4e	1r4e	1r4e	5.273272791
17	[NH3+]CCCOc1ccc(-c2ccc3[nH]ccc3c2)cc1C[NH2+]CCN1CC[NH2+]CC1	GGCAGAUCUGAGCCUGGGAGCUCUCUGCC	1uts	1uts	1uts	1uts	7.408935393
18	COc1ccc(OCCNC(N)=[NH2+])c(C[NH2+]CCCCNC(N)=[NH2+])c1	GGCAGAUCUGAGCCUGGGAGCUCUCUGCC	1uud	1uud	1uud	1uud	5.812479279
19	CCCCCN1C(=O)[C@H]2[C@H]3c4ccccc4[C@](CO)(c4ccccc43)[C@H]2C1=O	GGAGCUCGCCCGGGCGAGGCCGUGCCAGCUCUUCGGAGCAAUACUCGGCGGAGCUCGCCCGGGCGAGGCCGUGCCAGCUCUUCGGAGCAAUACUCGGC	1ykv	1ykv	1ykv	1ykv	5.0
20	C[NH2+][C@@H]1[C@@H](O[C@H]2O[C@H](CO)[C@@H]([NH3+])[C@H](O)[C@H]2O)O[C@H]2C[C@@H]([NH3+])[C@@H](O[C@H]3[C@H](O)[C@@H](O)[C@H]([NH3+])C[C@@H]3[NH3+])O[C@@H]2[C@@H]1O	UUGCGUCACACCGGUGAAGUCGCUUGCGUCACACCGGUGAAGUCGC	1yrj	1yrj	1yrj	1yrj	6.698970004
21	Nc1nc2c(ncn2[C@@H]2O[C@H](CO[P@@](=O)([O-])O[P@@](=O)([O-])OP(=O)([O-])[O-])[C@@H](O)[C@H]2O)c(=O)[nH]1	GGGACGAAGUGGUUGGGCGCUUCGGCGUGUGAAAACGUCCC	2au4	2au4	2au4	2au4	7.124938737
22	Nc1nc(N)c2nc[nH]c2n1	GACAUAUAAUCGCGUGGAUAUGGCACGCAAGUUUCUACCGGGCACCGUAAAUGUCCGAUUAUGUC	2b57	2b57	2b57	2b57	7.769551079
23	[NH3+]C[C@@H]1O[C@H](O[C@H]2[C@@H](OCC[NH2+]Cc3cccnc3)[C@H](O[C@@H]3[C@@H](O)[C@H]([NH3+])C[C@H]([NH3+])[C@H]3O[C@H]3O[C@H](CO)[C@@H](O)[C@H](O)[C@H]3[NH3+])O[C@@H]2CO)[C@H]([NH3+])[C@@H](O)[C@@H]1O	CGCGUCACACCGGUGAAGUCGCCGCGUCACACCGGUGAAGUCGC	2be0	2be0	2be0	2be0	6.886056648
24	N/C=C/C[NH2+]CCO[C@H]1[C@H](O[C@@H]2[C@@H](O)[C@H]([NH3+])C[C@H]([NH3+])[C@H]2O[C@H]2O[C@H](CO)[C@@H](O)[C@H](O)[C@H]2[NH3+])O[C@H](CO)[C@H]1O[C@H]1O[C@@H](C[NH3+])[C@@H](O)[C@H](O)[C@H]1[NH3+]	CGCGUCACACCGGUGAAGUCGCCGCGUCACACCGGUGAAGUCGC	2bee	2bee	2bee	2bee	7.0
25	[NH3+]C[C@H]1O[C@H](O[C@H]2[C@H](O)[C@@H](O)[C@H]([NH3+])C[C@@H]2[NH3+])[C@H]([NH3+])[C@@H](O)[C@@H]1O	GCGUCACACCGGUGAAGUCGCGCGUCACACCGGUGAAGUCGC	2f4s	2f4s	2f4s	2f4s	4.721246399
26	[NH3+]CCNCCO[C@@H]1[C@@H](O)[C@H](O[C@H]2O[C@H](C[NH3+])[C@@H](O)[C@H](O)[C@H]2[NH3+])[C@@H]([NH3+])C[C@H]1NC(=O)[C@H](O)CC[NH3+]	GCGUCACACCGGUGAAGUCGCUUGCGUCACACCGGUGAAGUCGC	2f4t	2f4t	2f4t	2f4t	5.657577319
27	[NH3+]CCC[NH2+]CCO[C@@H]1[C@@H](O)[C@H](O[C@H]2O[C@H](CO)[C@@H](O)[C@H](O)[C@H]2[NH3+])[C@@H]([NH3+])C[C@H]1NC(=O)[C@H](O)CC[NH3+]	GCGUCACACCGGUGAAGUCGCGCGUCACACCGGUGAAGUCGC	2f4u	2f4u	2f4u	2f4u	5.229147988
28	C[NH2+][C@@H]1[C@@H](O[C@H]2O[C@H](CO)[C@@H]([NH3+])[C@H](O)[C@H]2O)O[C@H]2C[C@@H]([NH3+])[C@@H](O[C@H]3[C@H](O)[C@@H](O)[C@H]([NH3+])C[C@@H]3[NH3+])O[C@@H]2[C@@H]1O	UUGCGUCGCUCCGGAAAAGUCGCUUGCGUCGCUCCGGAAAAGUCGC	2g5k	2g5k	2g5k	2g5k	6.301029996
29	Nc1cc(N)nc(N)n1	GGACAUAUAAUCGCGUGGAUAUGGCACGCAAGUUUCUACCGGGCACCGUAAAUGUCCGAUUAUGUCC	2g9c	2g9c	2g9c	2g9c	5.698970004
30	CC[C@H](C)[C@@H]1NC(=O)[C@H](CCCNC(N)=[NH2+])NC(=O)[C@H](CCCNC(N)=[NH2+])NC(=O)CNC(=O)[C@H](CCCC[NH3+])NC(=O)[C@H](CCCNC(N)=[NH2+])NC(=O)[C@H]([C@@H](C)O)NC(=O)[C@H](CCCNC(N)=[NH2+])NC(=O)[C@H](C(C)C)NC(=O)[C@H](CCCNC(N)=[NH2+])NC(=O)[C@@H]2CCCN2C(=O)[C@H]2CCCN2C(=O)[C@H]([C@@H](C)CC)NC(=O)[C@H](CCCNC(N)=[NH2+])NC1=O	GGCAGAUCUGAGCCUGGGAGCUCUCUGCC	2kdq	2kdq	2kdq	2kdq	7.522878745
31	O=C1c2c(O)ccc(O)c2C(=O)c2c(NCC[NH2+]CCO)ccc(NCC[NH2+]CCO)c21	GGCAGUGUGAGUACCUUCACACGUC	2kgp	2kgp	2kgp	2kgp	6.0
32	C[NH+](C)CCCn1c(N)[nH+]c2ccc3c(c21)C[C@H](C[NH+](C)C)O3	GGAGGAACUACUGUCUUCCUUCGGGUCGUGCAGCCUCC	2ktz	2ktz	2ktz	2ktz	5.045757491
33	C[NH+](C)CCCn1c(N)[nH+]c2ccc3c(c21)C[C@@H](C[NH+](C)C)O3	GGAGGAACUACUGUCUUCCUUCGGGUCGUGCAGCCUCC	2ku0	2ku0	2ku0	2ku0	5.585026652
34	NC(=[NH2+])NCCC[C@H]([NH3+])C(=O)[O-]	GGGAAAUGAGGCGCUGCAUGUGGCAGUCUGCCUUUCUUUCCC	2kx8	2kx8	2kx8	2kx8	5.199970641
35	C[NH+](C)CCCNC(=[NH2+])c1ccc(C(=[NH2+])NCCC[NH+](C)C)cc1	GGGAAGAUCUGGCCUUCCCACAAGGGAAGGCCAGGGAAUCUUCCC	2l94	2l94	2l94	2l94	3.443697499
36	COc1cc2nc(N3CC[NH2+]CC3)nc(N)c2cc1OC	GAGUAGAAACAAGGCUUCGGCCUGCUUUUGCU	2lwk	2lwk	2lwk	2lwk	4.296708622
37	Cc1oc2nc1-c1nc(co1)C(=O)N[C@@H](CCCC[NH3+])c1nc(co1)-c1nc(co1)-c1nc(co1)C(=O)N[C@@H](CCCC[NH3+])c1nc-2c(C)o1	TTGGGTTAGGGTTAGGGTTAGGGA	2mb3	2mb3	2mb3	2mb3	5.13076828
38	[NH3+]C[C@@H]1O[C@H](O[C@H]2[C@@H](O)[C@H](O[C@@H]3[C@@H](O)[C@H]([NH3+])C[C@H]([NH3+])[C@H]3O[C@H]3O[C@H](CO)[C@@H](O)[C@H](O)[C@H]3[NH3+])O[C@@H]2CO)[C@H]([NH3+])[C@@H](O)[C@@H]1O	GGCUGCUUGUCCUUUAAUGGUCCAGUC	2mxs	2mxs	2mxs	2mxs	5.292429824
39	[NH3+]C[C@H]1O[C@H](O[C@H]2[C@H](O[C@@H]3O[C@H](CO)[C@@H](O)[C@H]3O)[C@@H](O)[C@H]([NH3+])C[C@@H]2[NH3+])[C@H]([NH3+])[C@@H](O)[C@@H]1O	GGCUGCUUGUCCUUUAAUGGUCCAGUC	2n0j	2n0j	2n0j	2n0j	6.48148606
40	[NH3+]C[C@@H]1O[C@H](O[C@H]2[C@@H](O)[C@H](O[C@@H]3[C@@H](O)[C@H]([NH3+])C[C@H]([NH3+])[C@H]3O[C@H]3O[C@H](CO)[C@@H](O)[C@H](O)[C@H]3[NH3+])O[C@@H]2CO)[C@H]([NH3+])[C@@H](O)[C@@H]1O	UUGCGUCGCUCCGGAAAAGUCGCUUGCGUCGCUCCGGAAAAGUCGC	2o3w	2o3w	2o3w	2o3w	5.585026652
41	[NH3+]C[C@H]1O[C@@H](O[C@@H]2[C@@H](O)[C@H]([NH3+])C[C@H]([NH3+])[C@H]2O[C@H]2O[C@H](CO)[C@@H](O)[C@H](O)[C@H]2[NH3+])[C@H](O)[C@@H]1O	UUGCGUCACACCGGUGAAGUCGCUUGCGUCACACCGGUGAAGUCGC	2o3x	2o3x	2o3x	2o3x	4.301029996
42	C[C@@H](O)[C@H](NC(=O)[C@H](CCCC[NH3+])NC(=O)[C@@H]1CCCN1C(=O)[C@H](CCCC[NH3+])NC(=O)[C@H](CO)NC(=O)[C@@H]1CCCN1C(=O)[C@H](CCCC[NH3+])NC(=O)[C@H](CC(N)=O)NC(=O)[C@H](Cc1c[nH]c2ccccc12)NC(=O)[C@H](CCC(N)=O)NC(=O)C[NH3+])C(=O)N[C@@H](CC(N)=O)C(=O)[O-]	GGAGGAGGAGGAGGAGGAGGAGGA	2rsk	2rsk	2rsk	2rsk	5.0
43	Nc1nc2[nH]nc(N)n2n1	GGACAUAUAAUCGCGUGGAUAUGGCACGCAAGUUUCUACCGGGCACCGUAAAUGUCCGAUUAUGUCC	2xnw	2xnw	2xnw	2xnw	3.431798276
44	Cc1nc(N)nc(N)n1	GGACAUAUAAUCGCGUGGAUAUGGCACGCAAGUUUCUACCGGGCACCGUAAAUGUCCGAUUAUGUCC	2xnz	2xnz	2xnz	2xnz	3.958607315
45	Nc1ncnc(N)n1	GGACAUAUAAUCGCGUGGAUAUGGCACGCAAGUUUCUACCGGGCACCGUAAAUGUCCGAUUAUGUCC	2xo0	2xo0	2xo0	2xo0	4.096910013
46	CNc1ncnc2[nH]cnc12	GAACAUAUAAUCGCGUGGAUAUGGCACGCAAGUUUCUACCGGGCACCGUAAAUGUCCGAUUAUGUCC	2xo1	2xo1	2xo1	2xo1	4.0
47	C[S@@+](CC[C@H]([NH3+])C(=O)[O-])C[C@H]1O[C@@H](n2cnc3c(N)ncnc32)[C@H](O)[C@@H]1O	GGCUUAUCAAGAGAGGUUUAGGGACUGGCCCGACGAAACCCGGCAACCAGAAAUGGUGCCAAUUCCUGCAGCGGAAACGUUGAAAGAUGAGCCG	2ydh	2ydh	2ydh	2ydh	5.709965389
48	C[S@@+](CC[C@H]([NH3+])C(=O)[O-])C[C@H]1O[C@@H](n2cnc3c(N)ncnc32)[C@H](O)[C@@H]1O	GGCUUAUCAAGAGAGGUGAAGGGACUGGCCCGACGAAACCCGGCAACCAGAAAUGGUGCCAAUUCCUGCAGCGGAAACGUUGAAAGAUGAGCCGA	2ygh	2ygh	2ygh	2ygh	6.508638306
49	Nc1nc2c(ncn2[C@H]2C[C@H](O)[C@@H](CO)O2)c(=O)[nH]1	GGACAUACAAUCGCGUGGAUAUGGCACGCAAGAUCCCGCCGGGCACCGUAAAUGUCCGACUAUGUCCGGACAUACAAUCGCGUGGAUAUGGCACGCAAGAUCCCGCCGGGCACCGUAAAUGUCCGACUAUGUCC	3ds7	3ds7	3ds7	3ds7	4.408935393
50	C[S@@+](CC[C@H]([NH3+])C(=O)[O-])C[C@H]1O[C@@H](n2cnc3c(N)ncnc32)[C@H](O)[C@@H]1O	UUCCCGAAAGGAUGGCGGAAACGCCAGAUGCCUUGUAACCGAAAGGGGGAAU	3e5c	3e5c	3e5c	3e5c	9.244125144
51	Nc1nc(Cl)c2nc[nH]c2n1	GGACAUAUAAUCGCGUGGAUAUGGCACGCAAGUUUCUACCGGGCACCGUAAAUGUCCGAUUAUGUCCA	3fo4	3fo4	3fo4	3fo4	6.142667504
52	COc1nc(N)nc2[nH]cnc12	GGACAUAUAAUCGCGUGGAUAUGGCACGCAAGUUUCUACCGGGCACCGUAAAUGUCCGACUAUGUCCA	3fo6	3fo6	3fo6	3fo6	4.638272164
53	Nc1nc2[nH]cc(C[NH3+])c2c(=O)[nH]1	AGAGGUUCUAGCUACACCCUCUAUAAAAAACUAAAGAGGUUCUAGCUACACCCUCUAUAAAAAACUAAAGAGGUUCUAGCUACACCCUCUAUAAAAAACUAA	3fu2	3fu2	3fu2	3fu2	7.698970004
54	Nc1ncc2nc[nH]c2n1	GGACAUAUAAUCGCGUGGAUAUGGCACGCAAGUUUCUACCGGGCACCGUAAAUGUCCGACUAUGUCC	3g4m	3g4m	3g4m	3g4m	5.356547324
55	O=c1[nH]c(=O)c2[nH]cnc2[nH]1	GGACAUAUAAUCGCGUGGAUAUGGCACGCAAGUUUCUACCGGGCACCGUAAAUGUCCGACUAUGUCC	3gao	3gao	3gao	3gao	4.408935393
56	Nc1nc(Cl)c2nc[nH]c2n1	GGACAUAUAAUCGCGUGGAUAUGGCACGCAAGUUUCUACCGGGCACCGUAAAUGUCCGACUAUGUCC	3ger	3ger	3ger	3ger	6.050609993
57	COc1nc(N)nc2[nH]cnc12	GGACAUAUAAUCGCGUGGAUAUGGCACGCAAGUUUCUACCGGGCACCGUAAAUGUCCGAUUAUGUCC	3ges	3ges	3ges	3ges	4.698970004
58	Nc1nc(Cl)c2nc[nH]c2n1	GGACAUGUAAUCGCGUGGAUAUGGCACGCAAGUUUCUACCGGGCACCGUAAAUGUCCGACCAUGUCC	3gog	3gog	3gog	3gog	4.619788758
59	Nc1nc(F)nc2[nH]cnc12	GGACAUAUAAUCGCGUGGAUAUGGCACGCAAGUUUCUACCGGGCACCGUAAAUGUCCGAUUAUGUCC	3got	3got	3got	3got	5.397940009
60	CC(=O)C(=O)N[C@@H]1/C=C(C)/C=C/[C@@H](O)C/C=C(C)/C=C/[C@@H](O)C[C@H]2OC(=O)[C@]1(C)C(=O)[C@@H]2C	GGUCAAGAUAGUAAGGGUCCACGGUGGAUGCCCUGGCGCUGGAGCCGAUGAAGGACGCGAUUACCUGCGAAAAGCCCCGACGAGCUGGAGAUACGCUUUGACUCGGGGAUGUCCGAAUGGGGAAACCCACCUCGUAAGAGGUAUCCGCAAGGAUGGGAACUCAGGGAACUGAAACAUCUCAGUACCUGAAGGAGAAGAAAGAGAAUUCGAUUCCGUUAGUAGCGGCGAGCGAACCCGGAUCAGCCCAAACCGAAACGCUUGCGUUUCGGGGUUGUAGGACCAGUUUUUAAGAUUCAACCCCUCAAGCCGAAGUGGCUGGAAAGCUACACCUCAGAAGGUGAGAGUCCUGUAGGCGAACGAGCGGUUGACUGUACUGGCACCUGAGUAGGUCGUUGUUCGUGAAACGAUGACUGAAUCCGCGCGGACCACCGCGCAAGGCUAAAUACUCCCAGUGACCGAUAGCGCAUAGUACCGUGAGGGAAAGGUGAAAAGAACCCCGGGAGGGGAGUGAAAGAGAACCUGAAACCGUGGACUUACAAGCAGUCAUGGCACCUUAUGCGUGUUAUGGCGUGCCUAUUGAAGCAUGAGCCGGCGACUUAGACCUGACGUGCGAGCUUAAGUUGAAAAACGGAGGCGGAGCGAAAGCGAGUCCGAAUAGGGCGGCAUUAGUACGUCGGGCUAGACUCGAAACCAGGUGAGCUAAGCAUGACCAGGUUGAAACCCCCGUGACAGGGGGCGGAGGACCGAACCGGUGCCUGCUGAAACAGUCUCGGAUGAGUUGUGUUUAGGAGUGAAAAGCUAACCGAACCUGGAGAUAGCUAGUUCUCCCCGAAAUGUAUUGAGGUACAGCCUCGGAUGUUGACCAUGUCCUGUAGAGCACUCACAAGGCUAGGGGGCCUACCAGCUUACCAAACCUUAUGAAACUCCGAAGGGGCACGCGUUUAGUCCGGGAGUGAGGCUGCGAGAGCUAACUUCCGUAGCCGAGAGGGAAACAACCCAGACCAUCAGCUAAGGUCCCUAAAUGAUCGCUCAGUGGUUAAGGAUGUGUCGUCGCAUAGACAGCCAGGAGGUUGGCUUAGAAGCAGCCACCCUUCAAAGAGUGCGUAAUAGCUCACUGGUCGAGUGACGAUGCGCCGAAAAUGAUCGGGGCUCAAGUGAUCUACCGAAGCUAUGGAUUCAACUCGCGAAGCGAGUUGUCUGGUAGGGGAGCGUUCAGUCCGCGGAGAAGCCAUACCGGAAGGAGUGGUGGAGCCGACUGAAGUGCGGAUGCCGGCAUGAGUAACGAUAAAAGAAGUGAGAAUCUUCUUCGCCGUAAGGACAAGGGUUCCUGGGGAAGGGUCGUCCGCCCAGGGAAAGUCGGGACCUAAGGUGAGGCCGAACGGCGCAGCCGAUGGACAGCAGGUCAAGAUUCCUGCACCGAUCAUGUGGAGUGAUGGAGGGACGCAUUACGCUAUCCAAUGCCAAGCUAUGGCUAUGCUGGUUGGUACGCUCAAGGGCGAUCGGGUCAGAAAAUCUACCGGUCACAUGCCUCAGACGUAUCGGGAGCUUCCUCGGAAGCGAAGUUGGAAACGCGACGGUGCCAAGAAAAGCUUCUAAACGUUGAAACAUGAUUGCCCGUACCGCAAACCGACACAGGUGUCCGAGUGUCAAUGCACUAAGGCGCGCGAGAGAACCCUCGUUAAGGAACUUUGCAAUCUCACCCCGUAACUUCGGAAGAAGGGGUCCCCACGCUUCGCGUGGGGCGCAGUGAAUAGGCCCAGGCGACUGUUUACCAAAAUCACAGCACUCUGCCAACACGAACAGUGGACGUAUAGGGUGUGACGCCUGCCCGGUGCCGGAAGGUCAAGUGGAGCGGUGCAAGCUGCGAAAUGAAGCCCCGGUGAACGGCGGCCGUAACUAUAACGGUCCUAAGGUAGCGAAAUUCCUUGUCGGGUAAGUUCCGACCUGCACGAAAGGCGUAACGAUCUGGGCGCUGUCUCAACGAGGGACUCGGUGAAAUUGAAUUGGCUGUAAAGAUGCGGCCUACCCGUAGCAGGACGAAAAGACCCCGUGGAGCUUUACUAUAGUCUGGCAUUGGGAUUCGGGUUUCUCUGCGUAGGAUAGGUGGGAGCCUGCGAAACUGGCCUUUUGGGGUCGGUGGAGGCAACGGUGAAAUACCACCCUGAGAAACUUGGAUUUCUAACCUGAAAAAUCACUUUCGGGGACCGUGCUUGGCGGGUAGUUUGACUGGGGCGGUCGCCUCCCAAAAUGUAACGGAGGCGCCCAAAGGUCACCUCAAGACGGUUGGAAAUCGUCUGUAGAGCGCAAAGGUAGAAGGUGGCUUGACUGCGAGACUGACACGUCGAGCAGGGAGGAAACUCGGGCUUAGUGAACCGGUGGUACCGUGUGGAAGGGCCAUCGAUCAACGGAUAAAAGUUACCCCGGGGAUAACAGGCUGAUCUCCCCCGAGAGUCCAUAUCGGCGGGGAGGUUUGGCACCUCGAUGUCGGCUCGUCGCAUCCUGGGGCUGAAGAAGGUCCCAAGGGUUGGGCUGUUCGCCCAUUAAAGCGGCACGCGAGCUGGGUUCAGAACGUCGUGAGACAGUUCGGUCUCUAUCCGCUACGGGCGCAGGAGAAUUGAGGGGAGUUGCUCCUAGUACGAGAGGACCGGAGUGAACGGACCGCUGGUCUCCCUGCUGUCGUACCAACGGCACAUGCAGGGUAGCUAUGUCCGGAACGGAUAACCGCUGAAAGCAUCUAAGCGGGAAGCCAGCCCCAAGAUGAGUUCUCCCACUGUUUAUCAGGUAAGACUCCCGGAAGACCACCGGGUUAAGAGGCCAGGCGUGCACGCAUAGCAAUGUGUUCAGCGGACUGGUGCUCAUCAGUCGAGGUCUUGACCACUCCCCCCGUGCCCAUAGCACUGUGGAACCACCCCACCCCAUGCCGAACUGGGUCGUGAAACACAGCAGCGCCAAUGAUACUCGGACCGCAGGGUCCCGGAAAAGUCGGUCAGCGCGGGGG	3jq4	3jq4	3jq4	3jq4	5.0
61	N=c1nc[nH]c(=O)[nH]1	GGCUUCAUAUAAUCCGAAUGAUAUGGUUUCGGAGCUUCCACCAAGAGCCUUAAACUCUUGACUAUGGAGUC	3la5	3la5	3la5	3la5	6.0
62	Nc1nc2c(ncn2[C@@H]2O[C@@H]3CO[P@@](=O)([O-])O[C@H]4[C@@H](O)[C@H](n5cnc6c(=O)[nH]c(N)nc65)O[C@@H]4CO[P@@](=O)([O-])O[C@H]3[C@H]2O)c(=O)[nH]1	GUCACGCACAGAGCAAACCAUUCGAAAGAGUGGGACGCAAAGCCUCCGGCCUAAACCAUUGCACUCCGGUAGGUAGCGGGGUUACCGAUGG	3mum	3mum	3mum	3mum	9.677780705
63	Nc1nc2c(ncn2[C@@H]2O[C@@H]3CO[P@@](=O)([O-])O[C@H]4[C@@H](O)[C@H](n5cnc6c(=O)[nH]c(N)nc65)O[C@@H]4CO[P@@](=O)([O-])O[C@H]3[C@H]2O)c(=O)[nH]1	GUCACGCACAGGGCAAACCAUUCGAAAGAGUGGGACGCAAAGCCUCCGGCCUAAACCAUUGCACUCCGGUAGGUAGCGGGGUUAUCGAUGG	3mur	3mur	3mur	3mur	7.823908741
64	Nc1nc2c(ncn2[C@@H]2O[C@@H]3CO[P@@](=O)([O-])O[C@H]4[C@@H](O)[C@H](n5cnc6c(=O)[nH]c(N)nc65)O[C@@H]4CO[P@@](=O)([O-])O[C@H]3[C@H]2O)c(=O)[nH]1	GUCACGCACAGGGCAAACCAUUCGAAAGAGUGGGACGCAAAGCCUCCGGCCUAAACCAUUGCACUCCGGUAGGUAGCGGGGUUACCGAUGG	3mxh	3mxh	3mxh	3mxh	10.95860731
65	Nc1ncnc2c1ncn2[C@@H]1O[C@H](CSCC[C@H]([NH3+])C(=O)[O-])[C@@H](O)[C@H]1O	GGACGAGGAGCGUUGCAAGCGAAAGCCCAGGCUAGUCCGUUCAAACGGCGCUCA	3npn	3npn	3npn	3npn	7.494850022
66	[NH3+]CC(=O)[O-]	GCUCUGGAGAGAACCGUUUAAUCGGUCGCCGAAGGAGCAAGCUCUGCGGAAACGCAGAGUGAAACUCUCAGGCAAAAGGACAGAGUGGCUCUGGAGAGAACCGUUUAAUCGGUCGCCGAAGGAGCAAGCUCUGCGGAAACGCAGAGUGAAACUCUCAGGCAAAAGGACAGAGU	3owz	3owz	3owz	3owz	5.455931956
67	Nc1nc2c(ncn2[C@@H]2O[C@@H]3CO[P@@](=O)([O-])O[C@H]4[C@@H](O)[C@H](n5cnc6c(=O)[nH]c(N)nc65)O[C@@H]4CO[P@@](=O)([O-])O[C@H]3[C@H]2O)c(=O)[nH]1	CGCGGAAACAAUGAUGAAUGGGUUUAAAUUGGGCACUUGACUCAUUUUGAGUUAGUAGUGCAACCGACCGUGCUCGCGGAAACAAUGAUGAAUGGGUUUAAAUUGGGCACUUGACUCAUUUUGAGUUAGUAGUGCAACCGACCGUGCU	3q3z	3q3z	3q3z	3q3z	8.657577319
68	Nc1nc2[nH]cc(C[NH3+])c2c(=O)[nH]1	CUGGGUCGCAGUAACCCCAGUUAACAAAACAAG	3q50	3q50	3q50	3q50	8.688246139
69	[NH3+]C[C@@H]1O[C@H](O[C@H]2[C@@H](OCC[NH2+]CCc3ccccc3)[C@H](O[C@@H]3[C@@H](O)[C@H]([NH3+])C[C@H]([NH3+])[C@H]3O[C@H]3O[C@H](CO)[C@@H](O)[C@H](O)[C@H]3[NH3+])O[C@@H]2CO)[C@H]([NH3+])[C@@H](O)[C@@H]1O	GCGUCACACCGGUGAAGUCGCGCGUCACACCGGUGAAGUCGC	3s4p	3s4p	3s4p	3s4p	6.0
70	Nc1nc2c(c(=O)[nH]1)N(C=O)[C@@H](CNc1ccccc1)CN2	GGAGAGUAGAUGAUUCGCGUUAAGCGUGUGUGAAUGGGAUGUCGUCACACAACGAAGCGAGAGCGCGGUGAAUCAUUGCAUCCGCUCCA	3sd3	3sd3	3sd3	3sd3	4.744727495
71	Nc1nc2c(ncn2[C@H]2C[C@H](O)[C@@H](COP(=O)([O-])[O-])O2)c(=O)[nH]1	GCCUUAUACAGGGUAGCAUAAUGGGCUACUGACCCCGCCUUCAAACCUAUUUGGAGACUAUAAGGUGCCUUAUACAGGGUAGCAUAAUGGGCUACUGACCCCGCCUUCAAACCUAUUUGGAGACUAUAAGGU	3slm	3slm	3slm	3slm	3.42136079
72	Cn1cc(NC(=O)c2cc(NC(=O)c3c([O-])c(NC(=O)c4nccn4C)cn3C)cn2C)cc1C(=O)NCCC(=O)NCCC[NH+](C)C	CCAGTACTGGCCAGTACTGG	407d	407d	407d	407d	6.463441557
73	Cn1cc(NC(=O)c2cc(NC(=O)c3cc(NC(=O)c4nccn4C)cn3C)cn2C)cc1C(=O)NCCC(=O)NCCC[NH+](C)C	CCAGTACTGGCCAGTACTGG	408d	408d	408d	408d	7.318758763
74	C[S@@+](CC[C@H]([NH3+])C(=O)[O-])C[C@H]1O[C@@H](n2cnc3c(N)ncnc32)[C@H](O)[C@@H]1O	GGCUUAUCAAGAGAGGGCAAGAGACUGGCUUGAUGACCCCCGGCAACCAAAAAUGGUGCCAAUUCCUGCAGAGGAAACGUUGAAAGAUGAGCCA	4aob	4aob	4aob	4aob	6.30980392
75	[NH3+]CCCCCC(=O)[O-]	GGACGGAGGCGCGCCCGAGAUGAGUAGGCUGUCCCAUCAGGGGAGGAAUCGGGGACGGCUGAAAGGCGAGGGCGCCGAAGCGAGCAGAGUUCCUCCCGCUCUGCUUGGCUGGGGGUGAGGGGAAUACCCUUACCACUGUCGCGAAAGCGGAGAGCCGUCCA	4erj	4erj	4erj	4erj	2.508638306
76	[NH3+]CCCC[C@H]([NH3+])[C@@H](O)NCC(=O)[O-]	GGACGGAGGCGCGCCCGAGAUGAGUAGGCUGUCCCAUCAGGGGAGGAAUCGGGGACGGCUGAAAGGCGAGGGCGCCGAAGCGAGCAGAGUUCCUCCCGCUCUGCUUGGCUGGGGGUGAGGGGAAUACCCUUACCACUGUCGCGAAAGCGGAGAGCCGUCCA	4erl	4erl	4erl	4erl	3.244125144
77	O=c1[nH]cnc2[nH]cnc12	GGACAUAUAAUCGCGUGGAUAUGGCACGCAAGUUUCUACCGGGCACCGUAAAUGUCCGACUAUGUCC	4fe5	4fe5	4fe5	4fe5	6.135488919
78	Nc1nc2[nH]cc(C[NH3+])c2c(=O)[nH]1	GAACCGCGAAAGCGGUUCCACGACGAUACUUAUUUCCUUUGAUCGUCGUUAUUACUGGCUUCGGCCACAAAGGAGA	4jf2	4jf2	4jf2	4jf2	7.747146969
79	C[S@@+](CC[C@H]([NH3+])C(=O)[O-])C[C@H]1O[C@@H](n2cnc3c(N)ncnc32)[C@H](O)[C@@H]1O	GUUCUUAUCAAGAGAAGCAGAGGGACUGGCCCGACGAAGCUUCAGCAACCGGUGUAAUGGCGAAAGCCAUGACCAAGGUGCUAAAUCCAGCAAGCUCGAACAGCUUGGAAGAUAAGAAC	4kqy	4kqy	4kqy	4kqy	7.721246399
80	C[S@@+](CC[C@H]([NH3+])C(=O)[O-])C[C@H]1O[C@@H](n2cnc3c(N)ncnc32)[C@H](O)[C@@H]1O	GGAUCACGAGGGGGAGACCCCGGCAACCUGGGACGGACACCCAAGGUGCUCACACCGGAGACGGUGGAUCCGGCCCGAGAGGGCAACGAAGUCCGU	4l81	4l81	4l81	4l81	5.13667714
81	Nc1nc2c(c(=O)[nH]1)N(C=O)[C@@H](CNc1ccc(C(=O)N[C@@H](CCC(=O)[O-])C(=O)[O-])cc1)CN2	GGAGAGUAGAUGAUUCGCGUUAAGUGUGUGUGAAUGGGAUGUCGUCACACAACGAAGCGAGAGCGCGGUGAAUCAUUGCAUCCGCUCCA	4lvv	4lvv	4lvv	4lvv	5.017728767
82	Nc1nc2[nH]ccc2c(=O)[nH]1	GGAGAGUAGAUGAUUCGCGUUAAGUGUGUGUGAAUGGGAUGUCGUCACACAACGAAGCGAGAGCGCGGUGAAUCAUUGCAUCCGCUCCA	4lvw	4lvw	4lvw	4lvw	4.180456064
83	C[C@H](O)[C@H](O)[C@H]1CNc2nc(N)[nH]c(=O)c2N1	GGAGAGUAGAUGAUUCGCGUUAAGUGUGUGUGAAUGGGAUGUCGUCACACAACGAAGCGAGAGCGCGGUGAAUCAUUGCAUCCGCUCCA	4lvx	4lvx	4lvx	4lvx	4.744727495
84	NC(=O)c1ccc(CCc2c[nH]c3nc(N)[nH]c(=O)c23)cc1	GGAGAGUAGAUGAUUCGCGUUAAGUGUGUGUGAAUGGGAUGUCGUCACACAACGAAGCGAGAGCGCGGUGAAUCAUUGCAUCCGCUCCA	4lvy	4lvy	4lvy	4lvy	3.958607315
85	Nc1nc(N)c2nc[nH]c2n1	GGAGAGUAGAUGAUUCGCGUUAAGUGUGUGUGAAUGGGAUGUCGUCACACAACGAAGCGAGAGCGCGGUGAAUCAUUGCAUCCGCUCCA	4lvz	4lvz	4lvz	4lvz	6.301029996
86	Nc1ncnc2[nH]cnc12	GGAGAGUAGAUGAUUCGCGUUAAGUGUGUGUGAAUGGGAUGUCGUCACACAACGAAGCGAGAGCGCGGUGAAUCAUUGCAUCCGCUCCA	4lw0	4lw0	4lw0	4lw0	5.096910013
87	Nc1nc(N)c2cncnc2n1	GGCUUCAUAUAAUCCGAAUGAUAUGGUUUCGGAGCUUCCACCAAGAGCCUUAAACUCUUGAUUAUGAAGUC	4lx5	4lx5	4lx5	4lx5	6.671620397
88	Nc1nc2ncncc2c(=O)[nH]1	GGCUUCAUAUAAUCCGAAUGAUAUGGUUUCGGAGCUUCCACCAAGAGCCUUAAACUCUUGACUAUGAAGUC	4lx6	4lx6	4lx6	4lx6	7.022276395
89	Cc1ncc(CN=[N+]=[N-])c(N)n1	GACUCGGGGUGCCCUUCUGCGUGAAGGCUGAGAAAUACCCGUAUCACCUGAUCUGGAUAAUGCCAGCGUAGGGAAGUUGACUCGGGGUGCCCUUCUGCGUGAAGGCUGAGAAAUACCCGUAUCACCUGAUCUGGAUAAUGCCAGCGUAGGGAAGUU	4nya	4nya	4nya	4nya	4.30980392
90	[NH3+]Cc1ccc(-c2csnn2)cc1	GCGACUCGGGGUGCCCUUCUGCGUGAAGGCUGAGAAAUACCCGUAUCACCUGAUCUGGAUAAUGCCAGCGUAGGGAAGUCGC	4nyb	4nyb	4nyb	4nyb	3.987162775
91	Nc1csc2nccnc12	GCGACUCGGGGUGCCCUUCUGCGUGAAGGCUGAGAAAUACCCGUAUCACCUGAUCUGGAUAAUGCCAGCGUAGGGAAGUCGC	4nyc	4nyc	4nyc	4nyc	3.552841969
92	O=c1[nH]cnc2[nH]cnc12	GCGACUCGGGGUGCCCUUCUGCGUGAAGGCUGAGAAAUACCCGUAUCACCUGAUCUGGAUAAUGCCAGCGUAGGGAAGUCGC	4nyd	4nyd	4nyd	4nyd	3.173925197
93	Cc1ncc(C[n+]2csc(CCO)c2C)c(N)n1	GCGACUCGGGGUGCCCUUCUGCGUGAAGGCUGAGAAAUACCCGUAUCACCUGAUCUGGAUAAUGCCAGCGUAGGGAAGUCGC	4nyg	4nyg	4nyg	4nyg	5.823908741
94	C[S@@+](CC[C@H]([NH3+])C(=O)[O-])C[C@H]1O[C@@H](n2cnc3c(N)ncnc32)[C@H](O)[C@@H]1O	GGAUCACGAGGGGGAGACCCCGGCAACCUGGGACGGACACCCAAGGUGCUCACACCGGAGACGGUGGAUCCGGCCCGAGAGGGCAACGAAGGUCCGA	4oqu	4oqu	4oqu	4oqu	6.387216143
95	Nc1ncnc2c1ncn2[C@@H]1O[C@@H]2CO[P@](=O)([O-])O[C@H]3[C@@H](O)[C@H](n4cnc5c(N)ncnc54)O[C@@H]3CO[P@](=O)([O-])O[C@H]2[C@H]1O	GUUGCCGAAUCCGAAAGGUACGGAGGAACCGCUUUUUGGGGUUAAUCUGCAGUGAAGCUGCAGUAGGGAUACCUUCUGUCCCGCACCCGACAGCUAACUCCGGAGGCAAUAAAGGAAGGA	4qk8	4qk8	4qk8	4qk8	6.522878745
96	Nc1ncnc2c1ncn2[C@@H]1O[C@@H]2CO[P@](=O)([O-])O[C@H]3[C@@H](O)[C@H](n4cnc5c(N)ncnc54)O[C@@H]3CO[P@](=O)([O-])O[C@H]2[C@H]1O	GCGCUGAAUUCCCUGAAGGGAAACGGGGGACCCAAUCUUCAGGGGUGAAUCCCACGUAAGUGGGUAGGGCUAGUCUCUUUCGGCCCGAACCCGUCAGCUAACCUCGUAAGCGUGGAAAGAGG	4qk9	4qk9	4qk9	4qk9	6.522878745
97	Nc1ncnc2c1ncn2[C@@H]1O[C@@H]2CO[P@@](=O)([O-])O[C@H]3[C@@H](O)[C@H](n4cnc5c(N)ncnc54)O[C@@H]3CO[P@](=O)([O-])O[C@H]2[C@H]1O	GGAUCGCUGAACCCGAAAGGGGCGGGGGACCCAGAAAUGGGGCGAAUCUCUUCCGAAAGGAAGAGUAGGGUUACUCCUUCGACCCGAGCCCGUCAGCUAACCUCGCAAGCGUCCGAAGGAGAAUC	4qlm	4qlm	4qlm	4qlm	7.180456064
98	Nc1ncnc2c1ncn2[C@H]1C[C@@H]2O[P@@](=O)([O-])OC[C@H]3O[C@@H](n4cnc5c(N)ncnc54)C[C@@H]3O[P@](=O)([O-])OC[C@H]2O1	GGAUCGCUGAACCCGAAAGGGGCGGGGGACCCAGAAAUGGGGCGAAUCUCUUCCGAAAGGAAGAGUAGGGUUACUCCUUCGACCCGAGCCCGUCAGCUAACCUCGCAAGCGUCCGAAGGAGAAUC	4qln	4qln	4qln	4qln	5.537602002
99	Nc1nc2[nH]cc(C[NH3+])c2c(=O)[nH]1	AGCAACUUAGGAUUUUAGGCUCCCCGGCGUGUCUCGAACCAUGCCGGGCCAAACCCAUAGGGCUGGCGGUCCCUGUGCGGUCAAAAUUCAUCCGCCGGAG	4rzd	4rzd	4rzd	4rzd	8.187086643
100	CC1=N/C(=C\c2cc(F)c(O)c(F)c2)C(=O)N1C	GACGCGACCGAAUGAAAUGGUGAAGGACGGGUCCAGCCGGCUGGCAGCCGGCUUGUUGAGUAGAGUGUGAGCUCCGUAACUGGUCGCGU	4ts0	4ts0	4ts0	4ts0	6.27572413
101	CC1=N/C(=C\c2cc(F)c(O)c(F)c2)C(=O)N1C	GACGCGACCGAAUGAAAUGGUGAAGGACGGGUCCAGCCGGCUGGCAGCCGGCUUGUUGAGUAGAGUGUGAGCUCCGUAACUGGUCGCGU	4ts2	4ts2	4ts2	4ts2	6.27572413
102	Nc1ncnc2c1ncn2[C@@H]1O[C@@H]2CO[P@@](=O)([O-])O[C@H]3[C@@H](O)[C@H](n4cnc5c(N)ncnc54)O[C@@H]3CO[P@](=O)([O-])O[C@H]2[C@H]1O	GCGCGCUUAAUCUGAAAUCAGAGCGGGGGACCCAUUGCACUCCGGGUUUUUCCCGUAGGGGUGAAUCCUUUUUAGGUAGGGCGAAAGCCCGAAUCCGUCAGCUAACCUCGUAAGCGCGC	4w90	4w90	4w90	4w90	7.274905479
103	NC(=O)c1ncn([C@@H]2O[C@H](COP(=O)([O-])[O-])[C@@H](O)[C@H]2O)c1N	GGGUCGUGACUGGCGAACAGGUGGGAAACCACCGGGGAGCGACCCUUGCCGCCCGCCUGGGCAA	4xwf	4xwf	4xwf	4xwf	5.966576245
104	Nc1nc2c(ncn2[C@@H]2O[C@@H]3CO[P@](=O)([O-])O[C@H]4[C@@H](O)[C@H](n5cnc6c(N)ncnc65)O[C@@H]4CO[P@](=O)([O-])O[C@H]3[C@H]2O)c(=O)[nH]1	GUACACGACAAUACUAAACCAUCCGCGAGGAUGGGGCGGAAAGCCUAAGGGUCUCCCUGAGACAGCCGGGCUGCCGAAAUAUCGUACACGACAAUACUAAACCAUCCGCGAGGAUGGGGCGGAAAGCCUAAGGGUCUCCCUGAGACAGCCGGGCUGCCGAAAUAUC	4yaz	4yaz	4yaz	4yaz	7.175874166
105	Nc1nc2c(ncn2[C@@H]2O[C@@H]3CO[P@@](=O)([O-])O[C@H]4[C@@H](O)[C@H](n5cnc6c(=O)[nH]c(N)nc65)O[C@@H]4CO[P@](=O)([O-])O[C@H]3[C@H]2O)c(=O)[nH]1	GUACACGACAAUACUAAACCAUCCGCGAGGAUGGGGCGGAAAGCCUAAGGGUCUCCCUGAGACAGCCGGGCUGCCGAAAUAUCGUACACGACAAUACUAAACCAUCCGCGAGGAUGGGGCGGAAAGCCUAAGGGUCUCCCUGAGACAGCCGGGCUGCCGAAAUAUC	4yb0	4yb0	4yb0	4yb0	6.031517051
106	NC(=O)c1ncn([C@@H]2O[C@H](COP(=O)([O-])[O-])[C@@H](O)[C@H]2O)c1N	GGGAUACAGGACUGGCGGAUUAGUGGGAAACCACGUGGACUGUAUCCGAAAAAAAGCCGACCGCCUGGGCAUCGGGAUACAGGACUGGCGGAUUAGUGGGAAACCACGUGGACUGUAUCCGAAAAAAAGCCGACCGCCUGGGCAUC	4znp	4znp	4znp	4znp	5.327902142
107	NC(=O)c1ncn([C@@H]2O[C@H](COP(=O)([O-])[O-])[C@@H](O)[C@H]2O)c1N	UAUCAGUUAUAUGACUGACGGAACGUGGAAUUAACCACAUGAAGUAUAACGAUGACAAUGCCGACCGUCUGGGCGUAUCAGUUAUAUGACUGACGGAACGUGGAAUUAACCACAUGAAGUAUAACGAUGACAAUGCCGACCGUCUGGGCG	5btp	5btp	5btp	5btp	6.312471039
108	O=c1[nH]cnc2[nH]cnc12	GGACAUAUAAUCGCGUGGAUAUGGCACGCAAGUUUCUACCGGGCACCGUAAAUGUCCGACUAUGUCC	5c7u	5c7u	5c7u	5c7u	7.37675071
109	O=c1[nH]cnc2[nH]cnc12	GGAAUAUAAUCGCGUGGAUAUGGCACGCAAGUUUCUACCGGGCACCGUAAAUGUCCGACUAUUCC	5c7w	5c7w	5c7w	5c7w	7.318758763
110	COc1ccc2c(CCCC(c3ccccc3)c3ccccc3)c3[n+](cc2c1OC)CCc1cc2c(cc1-3)OCO2	TAGGGTTAGGGTTAGGGTTAGGGT	5cdb	5cdb	5cdb	5cdb	5.958607315
111	[NH3+][C@@H](Cc1c[nH]c2ccc(O)cc12)C(=O)[O-]	GGACACUGAUGAUCGCGUGGAUAUGGCACGCAUUGAAUUGUUGGACACCGUAAAUGUCCUAACACGUGUCC	5kpy	5kpy	5kpy	5kpy	5.408935393
112	Nc1nc2c(ncn2[C@@H]2O[C@H](CO[P@](=O)([O-])O[P@](=O)([O-])OP(=O)([O-])[O-])[C@@H](O)[C@H]2O)c(=O)[nH]1	GGCAGCCAGAGAGCACGUAUACGCAAGGCUGUC	5lwj	5lwj	5lwj	5lwj	5.543178652
113	Nc1nc2c(ncn2[C@@H]2O[C@H](CO[P@](=O)([O-])O[P@](=O)([O-])O[P@](=O)([O-])OC[C@H]3O[C@@H](n4cnc5c(=O)[nH]c(N)nc54)[C@H](O)[C@@H]3O)[C@@H](O)[C@H]2O)c(=O)[nH]1	GACUUAAGUCGGACUUAAGUCG	5uee	5uee	5uee	5uee	3.698970004
114	CC[C@H](C)[C@@H]1NC(=O)[C@H](CCCNC(N)=[NH2+])NC(=O)[C@H](CCCNC(N)=[NH2+])NC(=O)[C@H](CCCC[NH3+])NC(=O)CNC(=O)[C@H](CCCNC(N)=[NH2+])NC(=O)[C@H]([C@@H](C)O)NC(=O)[C@H](CCCNC(N)=[NH2+])NC(=O)[C@H](C(C)C)NC(=O)[C@H](CCCNC(N)=[NH2+])NC(=O)[C@@H]2CCCN2C(=O)[C@H]2CCCN2C(=O)[C@H](CCCNC(N)=[NH2+])NC(=O)[C@H](CCCNC(N)=[NH2+])NC1=O	GGUGUUGACUGUUGAAUCUCAUGGCAACACC	5uzz	5uzz	5uzz	5uzz	6.698970004
115	C[n+]1ccc(C[C@@H]2Sc3ccccc3N2CC(=O)NCCOCCOCCOCCNC(=O)CCCC[C@@H]2SC[C@@H]3NC(=O)N[C@@H]32)c2ccccc21	GUGCGAAGGGACGGUGCGGAGAGGAGAGCACGUGCGAAGGGACGGUGCGGAGAGGAGAGCAC	5v3f	5v3f	5v3f	5v3f	8.522878745
116	Cc1oc2ccc(O)c(C[NH+]3CCCCCC3)c2c1C(=O)Nc1ccc(C(F)(F)F)cc1	TGAGGGTGGGTAGGGTGGGTAA	5w77	5w77	5w77	5w77	4.782516056
117	NCC[NH2+]CC[NH3+].[NH3+]CC[NH2+]CC[NH3+].[NH3+]CC[NH2+]CC[NH3+].[Pt+2].[Pt+2].[Pt+2].c1cc(-c2ccc(N(c3ccc(-c4ccncc4)cc3)c3ccc(-c4ccncc4)cc3)cc2)ccn1	AAAGGGTTAGGGTTAGGGTTAGGGAA	5z80	5z80	5z80	5z80	5.913640169
118	COCCNC(=O)C[n+]1c(/C=C2\C=CN(C)c3ccccc32)sc2ccccc21	GCGUACGAAGGAGAGGAGAGGAAGAGGAGAGUACGCGCGUACGAAGGAGAGGAGAGGAAGAGGAGAGUACGCGUACGAAGGAGAGGAGAGGAAGAGGAGAGUAC	6c63	6c63	6c63	6c63	8.958607315
119	CN1C=C/C(=C/C=C\c2sc3ccccc3[n+]2C)c2ccccc21	GCGUACGAAGGAGAGGAGAGGAAGAGGAGAGUACGCGCGUACGAAGGAGAGGAGAGGAAGAGGAGAGUACGCGUACGAAGGAGAGGAGAGGAAGAGGAGAGUAC	6c64	6c64	6c64	6c64	8.853871964
120	COCCNC(=O)C[n+]1c(/C=C2\C=CN(C)c3ccccc32)sc2ccccc21	GCGUACGAAGGAGAGGAGAGGUAGAGGAGAGUACGCGCGUACGAAGGAGAGGAGAGGUAGAGGAGAGUACGCCGUACGAAGGAGAGGAGAGGUAGAGGAGAGUACGG	6c65	6c65	6c65	6c65	9.045757491
121	Nc1nc2c(ncn2[C@@H]2O[C@H](CO[P@](=O)([O-])OP(=O)([O-])[O-])[C@@H](O[P@@](=O)([O-])OP(=O)([O-])[O-])[C@H]2O)c(=O)[nH]1	GUGAAAGUGUACCUAGGGUUCCAGCCUAUUUGUAGGUGUUCGGACCGAGCGGUACAGGUAUAUUUUUAUAUACCACACCUUAGGGACAAAAGCCCGAGAGGAUAGGUUUCACUCGUAGUGAAAGUGUACCUAGGGUUCCAGCCUAUUUGUAGGUGUUCGGACCGAGCGGUACAGGUAUAUUUUUAUAUACCACACCUUAGGGACAAAAGCCCGAGAGGAUAGGUUUCACUCGUAGUGAAAGUGUACCUAGGGUUCCAGCCUAUUUGUAGGUGUUCGGACCGAGCGGUACAGGUAUAUUUUUAUAUACCACACCUUAGGGACAAAAGCCCGAGAGGAUAGGUUUCACUCGUAGUGAAAGUGUACCUAGGGUUCCAGCCUAUUUGUAGGUGUUCGGACCGAGCGGUACAGGUAUAUUUUUAUAUACCACACCUUAGGGACAAAAGCCCGAGAGGAUAGGUUUCACUCGUA	6ck4	6ck4	6ck4	6ck4	5.744727495
122	O=P([O-])([O-])OC[C@H]1O[C@H](O[P@@](=O)([O-])OP(=O)([O-])[O-])[C@H](O)[C@@H]1O	GUGAAAGUGUACCUAGGGUUCCAGCCUAUUUGUAGGUGUUCGGACCGAGCGGUACAGGUAUAUUUUUAUAUACCACACCUUAGGGACAAAAGCCCGGGAGGAUAGGUUUCACUCGUAGUGAAAGUGUACCUAGGGUUCCAGCCUAUUUGUAGGUGUUCGGACCGAGCGGUACAGGUAUAUUUUUAUAUACCACACCUUAGGGACAAAAGCCCGGGAGGAUAGGUUUCACUCGUA	6ck5	6ck5	6ck5	6ck5	5.698970004
123	CC[C@H](C)[C@@H]1NC(=O)[C@H](CCCNC(N)=[NH2+])NC(=O)[C@H](CCCNC(N)=[NH2+])NC(=O)CNC(=O)[C@H](CCCC[NH3+])NC(=O)[C@H](CCCNC(N)=[NH2+])NC(=O)[C@H]([C@@H](C)O)NC(=O)[C@H](CCCNC(N)=[NH2+])NC(=O)[C@H](C(C)C)NC(=O)[C@H](CC[NH3+])NC(=O)[C@@H]2CCCN2C(=O)[C@H]2CCCN2C(=O)[C@H]([C@@H](C)CC)NC(=O)[C@H](CCNC(N)=[NH2+])NC1=O	GGCAGAUCUGAGCCUGGGAGCUCUCUGCC	6d2u	6d2u	6d2u	6d2u	9.744727495
124	O=P([O-])([O-])OC[C@H]1O[C@H](O[P@](=O)([O-])OP(=O)([O-])[O-])[C@H](O)[C@@H]1O	GAAAGUGUGUCUAGGGUUCCGCGUGCUUCGGCACGGACUGGUCCAAGUGACACAGACGCAUUCGUGCGUUACACCGGAGGGAUAGAAGCCCAGGCGGGUAGGUUU	6dlt	6dlt	6dlt	6dlt	4.227678293
125	Nc1nc2c(ncn2[C@@H]2O[C@H](CO[P@](=O)([O-])OP(=O)([O-])[O-])[C@@H](O[P@](=O)([O-])OP(=O)([O-])[O-])[C@H]2O)c(=O)[nH]1	GAAGUGUACCUAGGGAUCCACCUCGAGAGAGGAAGGACCAAGCGGUACAGGCCUACUUCGGUAGGUUACACCGUGGGGAUAAAAGACCCGUGGCAAGUUUGAAGUGUACCUAGGGAUCCACCUCGAGAGAGGAAGGACCAAGCGGUACAGGCCUACUUCGGUAGGUUACACCGUGGGGAUAAAAGACCCGUGGCAAGUUU	6dmc	6dmc	6dmc	6dmc	6.292429824
126	Cc1ccc2c(c1)sc(-c1ccc(N(C)C)cc1)[n+]2C	GGCGCGAGGAAGGAGGUCUGAGGAGGUCACUGCGCC	6e81	6e81	6e81	6e81	5.522878745
127	CN1/C(=C/c2cc[n+](C)c3ccccc23)Sc2ccccc21	GGCGCGAGGAAGGAGGUCUGAGGAGGUCACUGCGCC	6e84	6e84	6e84	6e84	5.853871964
128	COCCNC(=O)C[n+]1c(/C=C2\C=CN(C)c3ccccc32)sc2ccccc21	GCUACGAAGGAAGGAUUGGUAUGUGGUAUAUUCGUAGCGCUACGAAGGAAGGAUUGGUAUGUGGUAUAUUCGUAGC	6e8s	6e8s	6e8s	6e8s	8.638272164
129	CC(=O)C[n+]1c(/C=C2/C=CN(C)c3ccccc32)sc2ccccc21	GUACGAAGGAAGGUUUGGUAUGUGGUAUAUUCGUACGUACGAAGGAAGGUUUGGUAUGUGGUAUAUUCGUACGUACGAAGGAAGGUUUGGUAUGUGGUAUAUUCGUACGUACGAAGGAAGGUUUGGUAUGUGGUAUAUUCGUAC	6e8t	6e8t	6e8t	6e8t	8.769551079
130	CN1C=C/C(=C\c2sc3ccccc3[n+]2CC(=O)NCCOCCOCCOCCNC(=O)CCCC[C@H]2SC[C@H]3NC(=O)N[C@H]32)c2ccccc21	GUACGAAGGAAGGUUUGGUAUGGGGUAGUUGUCGUAC	6e8u	6e8u	6e8u	6e8u	8.337242168
131	C[S@@+](CC[C@H]([NH3+])C(=O)[O-])C[C@H]1O[C@@H](n2cnc3c(N)ncnc32)[C@H](O)[C@@H]1O	AGGGCAUUUGAACUGUAUUGUACGCCUUGCAUAAAGCAAAAGUACUAAAAAA	6fz0	6fz0	6fz0	6fz0	5.359518563
132	Nc1ncnc2c1ncn2[C@@H]1O[C@H](CSCC[C@H]([NH3+])C(=O)[O-])[C@@H](O)[C@H]1O	GUCACAACGGCUUCCUGACGUGGCAGAUUGAAUUAUUGGAGCA	6hag	6hag	6hag	6hag	5.431798276
133	NC(=[NH2+])NCCCCNC(N)=[NH2+]	GGUGGGGACGACCCCAC	6hbt	6hbt	6hbt	6hbt	5.327902142
134	Cc1cn2cc(-c3cc(=O)n4cc(N5CC[NH+](C)CC5)ccc4n3)cc(F)c2n1	AUACACCUGGGAGUAAGUCU	6hmo	6hmo	6hmo	6hmo	4.552841969
135	C[C@@H]1Cc2c(Cl)cc(C(=O)N[C@H](Cc3ccccc3)C(=O)[O-])c([O-])c2C(=O)O1	CGGGGCGAAGCGGGTCCCG	6j2w	6j2w	6j2w	6j2w	5.853871964
136	C[n+]1ccc(/C=C/c2ccc3[nH]c4ccc(/C=C/c5cc[n+](C)cc5)cc4c3c2)cc1	TGAGGGTGGGTAGGGTGGGTAA	6jj0	6jj0	6jj0	6jj0	7.443697499
137	Nc1nc2c(ncn2[C@H]2C[C@H](O)[C@@H](CO)O2)c(=O)[nH]1	GGUGUAAUCUCCAAAAUAUGGUUGGGGAGCCUCCACCAGUGAACCGUAAAAUCGCUGUCACCACCCAG	6p2h	6p2h	6p2h	6p2h	7.468521083
138	NC(=O)CC[C@H]([NH3+])C(=O)[O-]	CGUUCACCCUUCGGGGCGCAUGAAAUGGGAGUAGGGAACGGGAUUCUCAUCGUUCACCCUUCGGGGCGCAUGAAAUGGGAGUAGGGAACGGGAUUCUCAU	6qn3	6qn3	6qn3	6qn3	3.721246399
139	C[n+]1cc(NC(=O)c2cccc(C(=O)Nc3cc4ccccc4[n+](C)c3)n2)cc2ccccc21	GGGAGCGAGGGAGCGAGGGAGCGAGGGAGCG	6sx3	6sx3	6sx3	6sx3	5.15490196
